# 16 MB flash, dual OTA + LittleFS. PROVISIONAL: sizes are revised once
# WiFi, TLS and image decoding have been measured on the device.
# Bootloader at 0x0, partition table at 0x8000 (ESP-IDF defaults).
# App partitions must be 64 KB aligned.
# Name,     Type, SubType,  Offset,   Size
nvs,        data, nvs,      0x9000,   0x5000
otadata,    data, ota,      0xe000,   0x2000
app0,       app,  ota_0,    0x10000,  0x400000
app1,       app,  ota_1,    0x410000, 0x400000
littlefs,   data, littlefs, 0x810000, 0x7F0000
